Workbook
Name Slicer_Category: #N/A
Name Slicer_Financial_Year: #N/A
Name Slicer_State: #N/A
Name Slicer_Type: #N/A

Sheet KMART DATA - UNCLEAN
A1: Date | B1: Financial Year | C1: Financial Year2 | D1: Type | E1: Suburb | F1: Full State | G1: State | H1: Postcode | I1: Country | J1: Manager | K1: Category | L1: Buyer | M1: Sales
A2: 45110 | B2: =IF(MONTH(A2)>=7,YEAR(A2)+1,YEAR(A2)) -> 2024 | C2: =IF(MONTH(A2) >= 7, YEAR(A2) & "-" & YEAR(A2) + 1, YEAR(A2) - 1 & "-" & YEAR(A2)) -> 2023-2024 | D2: KMART STORE | F2: =IF(G2="WA","Western Australia", IF(G2="NSW","New South Wales", IF(G2="QLD","Queensland", IF(G2="VIC","Victoria", IF(G2="TAS","Tasmania", IF(G2="SA","South Australia", IF(G2="NT","Northern Territory", IF(G2="ACT","Australian Capital Territory",G2)))))))) -> Western Australia | G2: WA | H2: 6021 | I2: Australia | J2: Tom McKenzie | K2: Beauty & Personal Care | L2: Chester George | M2: 1
A3: 03rdDec2023 | B3: =IF(MONTH(A3)>=7,YEAR(A3)+1,YEAR(A3)) -> #VALUE! | C3: =IF(MONTH(A3) >= 7, YEAR(A3) & "-" & YEAR(A3) + 1, YEAR(A3) - 1 & "-" & YEAR(A3)) -> #VALUE! | D3: KMART STORE | E3: Ballina | F3: =IF(G3="WA","Western Australia", IF(G3="NSW","New South Wales", IF(G3="QLD","Queensland", IF(G3="VIC","Victoria", IF(G3="TAS","Tasmania", IF(G3="SA","South Australia", IF(G3="NT","Northern Territory", IF(G3="ACT","Australian Capital Territory",G3)))))))) -> New South Wales | G3: NSW | I3: Australia | J3: Claire Bridges | K3: Home & Living | L3: Elizabeth Gentry | M3: 1
A4: 45050 | B4: =IF(MONTH(A4)>=7,YEAR(A4)+1,YEAR(A4)) -> 2023 | C4: =IF(MONTH(A4) >= 7, YEAR(A4) & "-" & YEAR(A4) + 1, YEAR(A4) - 1 & "-" & YEAR(A4)) -> 2022-2023 | D4: KMART ONLINE | E4: Belconnen | F4: =IF(G4="WA","Western Australia", IF(G4="NSW","New South Wales", IF(G4="QLD","Queensland", IF(G4="VIC","Victoria", IF(G4="TAS","Tasmania", IF(G4="SA","South Australia", IF(G4="NT","Northern Territory", IF(G4="ACT","Australian Capital Territory",G4)))))))) -> Australian Capital Territory | G4: ACT | H4: 2617 | I4: Australia | J4: George Chester | K4: Home & Living | L4: Elizabeth Gentry | M4: 1
A5: 45436 | B5: =IF(MONTH(A5)>=7,YEAR(A5)+1,YEAR(A5)) -> 2024 | C5: =IF(MONTH(A5) >= 7, YEAR(A5) & "-" & YEAR(A5) + 1, YEAR(A5) - 1 & "-" & YEAR(A5)) -> 2023-2024 | D5: KMART STORE | E5: Burleigh Waters | F5: =IF(G5="WA","Western Australia", IF(G5="NSW","New South Wales", IF(G5="QLD","Queensland", IF(G5="VIC","Victoria", IF(G5="TAS","Tasmania", IF(G5="SA","South Australia", IF(G5="NT","Northern Territory", IF(G5="ACT","Australian Capital Territory",G5)))))))) -> Queensland | G5: QLD | H5: 4220 | I5: Australia | J5: Ricky Wilkinson | K5: Accessories | L5: Sara Ferrell | M5: 1
A6: 45170 | B6: =IF(MONTH(A6)>=7,YEAR(A6)+1,YEAR(A6)) -> 2024 | C6: =IF(MONTH(A6) >= 7, YEAR(A6) & "-" & YEAR(A6) + 1, YEAR(A6) - 1 & "-" & YEAR(A6)) -> 2023-2024 | D6: KMART STORE | E6: Castle Hill | F6: =IF(G6="WA","Western Australia", IF(G6="NSW","New South Wales", IF(G6="QLD","Queensland", IF(G6="VIC","Victoria", IF(G6="TAS","Tasmania", IF(G6="SA","South Australia", IF(G6="NT","Northern Territory", IF(G6="ACT","Australian Capital Territory",G6)))))))) -> New South Wales | G6: NSW | H6: 2154 | I6: Australia | J6: Lillian Pruitt | K6: Baby & Nursery | L6: Amy Buchanan | M6: 1
A7: 45208 | B7: =IF(MONTH(A7)>=7,YEAR(A7)+1,YEAR(A7)) -> 2024 | C7: =IF(MONTH(A7) >= 7, YEAR(A7) & "-" & YEAR(A7) + 1, YEAR(A7) - 1 & "-" & YEAR(A7)) -> 2023-2024 | D7: KMART STORE | E7: Chatswood | F7: =IF(G7="WA","Western Australia", IF(G7="NSW","New South Wales", IF(G7="QLD","Queensland", IF(G7="VIC","Victoria", IF(G7="TAS","Tasmania", IF(G7="SA","South Australia", IF(G7="NT","Northern Territory", IF(G7="ACT","Australian Capital Territory",G7)))))))) -> New South Wales | G7: NSW | I7: Australia | J7: Jeremy Garcia | K7: Beauty & Personal Care | L7: Chester George | M7: 1
A8: 44968 | B8: =IF(MONTH(A8)>=7,YEAR(A8)+1,YEAR(A8)) -> 2023 | C8: =IF(MONTH(A8) >= 7, YEAR(A8) & "-" & YEAR(A8) + 1, YEAR(A8) - 1 & "-" & YEAR(A8)) -> 2022-2023 | D8: KMART STORE | E8: Claremont | F8: =IF(G8="WA","Western Australia", IF(G8="NSW","New South Wales", IF(G8="QLD","Queensland", IF(G8="VIC","Victoria", IF(G8="TAS","Tasmania", IF(G8="SA","South Australia", IF(G8="NT","Northern Territory", IF(G8="ACT","Australian Capital Territory",G8)))))))) -> Western Australia | G8: WA | H8: 6010 | I8: Australia | J8: Tom McKenzie | K8: Clothing & Fashion | L8: Bruce Curran | M8: 1
A9: 45228 | B9: =IF(MONTH(A9)>=7,YEAR(A9)+1,YEAR(A9)) -> 2024 | C9: =IF(MONTH(A9) >= 7, YEAR(A9) & "-" & YEAR(A9) + 1, YEAR(A9) - 1 & "-" & YEAR(A9)) -> 2023-2024 | D9: KMART STORE | E9: Dandenong | F9: =IF(G9="WA","Western Australia", IF(G9="NSW","New South Wales", IF(G9="QLD","Queensland", IF(G9="VIC","Victoria", IF(G9="TAS","Tasmania", IF(G9="SA","South Australia", IF(G9="NT","Northern Territory", IF(G9="ACT","Australian Capital Territory",G9)))))))) -> Victoria | G9: VIC | H9: 3175 | I9: Australia | J9: Rachael Long | K9: Home & Living | L9: Elizabeth Gentry | M9: 1
A10: 45295 | B10: =IF(MONTH(A10)>=7,YEAR(A10)+1,YEAR(A10)) -> 2024 | C10: =IF(MONTH(A10) >= 7, YEAR(A10) & "-" & YEAR(A10) + 1, YEAR(A10) - 1 & "-" & YEAR(A10)) -> 2023-2024 | D10: KMART STORE | E10: Dural | F10: =IF(G10="WA","Western Australia", IF(G10="NSW","New South Wales", IF(G10="QLD","Queensland", IF(G10="VIC","Victoria", IF(G10="TAS","Tasmania", IF(G10="SA","South Australia", IF(G10="NT","Northern Territory", IF(G10="ACT","Australian Capital Territory",G10)))))))) -> New South Wales | G10: NSW | H10: 2158 | I10: Australia | J10: Lillian Pruitt | K10: Baby & Nursery | L10: Amy Buchanan | M10: 1
A11: 45414 | B11: =IF(MONTH(A11)>=7,YEAR(A11)+1,YEAR(A11)) -> 2024 | C11: =IF(MONTH(A11) >= 7, YEAR(A11) & "-" & YEAR(A11) + 1, YEAR(A11) - 1 & "-" & YEAR(A11)) -> 2023-2024 | D11: KMART STORE | E11: Epping | F11: =IF(G11="WA","Western Australia", IF(G11="NSW","New South Wales", IF(G11="QLD","Queensland", IF(G11="VIC","Victoria", IF(G11="TAS","Tasmania", IF(G11="SA","South Australia", IF(G11="NT","Northern Territory", IF(G11="ACT","Australian Capital Territory",G11)))))))) -> Victoria | G11: VIC | H11: 3076 | I11: Australia | J11: Brian Hubbard | K11: Electronics & Entertainment | L11: Maggie Mayer | M11: 1
A12: 45307 | B12: =IF(MONTH(A12)>=7,YEAR(A12)+1,YEAR(A12)) -> 2024 | C12: =IF(MONTH(A12) >= 7, YEAR(A12) & "-" & YEAR(A12) + 1, YEAR(A12) - 1 & "-" & YEAR(A12)) -> 2023-2024 | D12: KMART STORE | E12: Epping | F12: =IF(G12="WA","Western Australia", IF(G12="NSW","New South Wales", IF(G12="QLD","Queensland", IF(G12="VIC","Victoria", IF(G12="TAS","Tasmania", IF(G12="SA","South Australia", IF(G12="NT","Northern Territory", IF(G12="ACT","Australian Capital Territory",G12)))))))) -> Victoria | G12: VIC | H12: 3076 | I12: Australia | J12: Brian Hubbard | K12: Beauty & Personal Care | L12: Chester George | M12: 1
A13: 13thOct2023 | B13: =IF(MONTH(A13)>=7,YEAR(A13)+1,YEAR(A13)) -> #VALUE! | C13: =IF(MONTH(A13) >= 7, YEAR(A13) & "-" & YEAR(A13) + 1, YEAR(A13) - 1 & "-" & YEAR(A13)) -> #VALUE! | D13: KMART STORE | E13: Epsom | F13: =IF(G13="WA","Western Australia", IF(G13="NSW","New South Wales", IF(G13="QLD","Queensland", IF(G13="VIC","Victoria", IF(G13="TAS","Tasmania", IF(G13="SA","South Australia", IF(G13="NT","Northern Territory", IF(G13="ACT","Australian Capital Territory",G13)))))))) -> Victoria | G13: VIC | I13: Australia | J13: Jerry Fulton | K13: Stationery & Office Supplies | L13: Ella Hickman | M13: 1
A14: 45240 | B14: =IF(MONTH(A14)>=7,YEAR(A14)+1,YEAR(A14)) -> 2024 | C14: =IF(MONTH(A14) >= 7, YEAR(A14) & "-" & YEAR(A14) + 1, YEAR(A14) - 1 & "-" & YEAR(A14)) -> 2023-2024 | D14: KMART STORE | E14: Glenorchy | F14: =IF(G14="WA","Western Australia", IF(G14="NSW","New South Wales", IF(G14="QLD","Queensland", IF(G14="VIC","Victoria", IF(G14="TAS","Tasmania", IF(G14="SA","South Australia", IF(G14="NT","Northern Territory", IF(G14="ACT","Australian Capital Territory",G14)))))))) -> Tasmania | G14: TAS | H14: 7010 | I14: Australia | J14: Simone Prior | K14: Beauty & Personal Care | L14: Chester George | M14: 1
A15: 45200 | B15: =IF(MONTH(A15)>=7,YEAR(A15)+1,YEAR(A15)) -> 2024 | C15: =IF(MONTH(A15) >= 7, YEAR(A15) & "-" & YEAR(A15) + 1, YEAR(A15) - 1 & "-" & YEAR(A15)) -> 2023-2024 | D15: KMART STORE | E15: Indooroopilly | F15: =IF(G15="WA","Western Australia", IF(G15="NSW","New South Wales", IF(G15="QLD","Queensland", IF(G15="VIC","Victoria", IF(G15="TAS","Tasmania", IF(G15="SA","South Australia", IF(G15="NT","Northern Territory", IF(G15="ACT","Australian Capital Territory",G15)))))))) -> Queensland | G15: QLD | H15: 4068 | I15: Australia | J15: Terri Wright | K15: Home & Living | L15: Elizabeth Gentry | M15: 1
A16: 45255 | B16: =IF(MONTH(A16)>=7,YEAR(A16)+1,YEAR(A16)) -> 2024 | C16: =IF(MONTH(A16) >= 7, YEAR(A16) & "-" & YEAR(A16) + 1, YEAR(A16) - 1 & "-" & YEAR(A16)) -> 2023-2024 | D16: KMART STORE | E16: Lismore | F16: =IF(G16="WA","Western Australia", IF(G16="NSW","New South Wales", IF(G16="QLD","Queensland", IF(G16="VIC","Victoria", IF(G16="TAS","Tasmania", IF(G16="SA","South Australia", IF(G16="NT","Northern Territory", IF(G16="ACT","Australian Capital Territory",G16)))))))) -> New South Wales | G16: NSW | H16: 2480 | I16: Australia | J16: Claire Bridges | K16: Home & Living | L16: Elizabeth Gentry | M16: 1
A17: 45268 | B17: =IF(MONTH(A17)>=7,YEAR(A17)+1,YEAR(A17)) -> 2024 | C17: =IF(MONTH(A17) >= 7, YEAR(A17) & "-" & YEAR(A17) + 1, YEAR(A17) - 1 & "-" & YEAR(A17)) -> 2023-2024 | D17: KMART STORE | E17: Lithgow | F17: =IF(G17="WA","Western Australia", IF(G17="NSW","New South Wales", IF(G17="QLD","Queensland", IF(G17="VIC","Victoria", IF(G17="TAS","Tasmania", IF(G17="SA","South Australia", IF(G17="NT","Northern Territory", IF(G17="ACT","Australian Capital Territory",G17)))))))) -> New South Wales | G17: NSW | H17: 2790 | I17: Australia | J17: John Gardner | K17: Home & Living | L17: Elizabeth Gentry | M17: 1
A18: 44952 | B18: =IF(MONTH(A18)>=7,YEAR(A18)+1,YEAR(A18)) -> 2023 | C18: =IF(MONTH(A18) >= 7, YEAR(A18) & "-" & YEAR(A18) + 1, YEAR(A18) - 1 & "-" & YEAR(A18)) -> 2022-2023 | D18: KMART STORE | E18: Mascot | F18: =IF(G18="WA","Western Australia", IF(G18="NSW","New South Wales", IF(G18="QLD","Queensland", IF(G18="VIC","Victoria", IF(G18="TAS","Tasmania", IF(G18="SA","South Australia", IF(G18="NT","Northern Territory", IF(G18="ACT","Australian Capital Territory",G18)))))))) -> New South Wales | G18: NSW | H18: 2020 | I18: Australia | J18: Jeremy Garcia | K18: Electronics & Entertainment | L18: Maggie Mayer | M18: 1
A19: 45202 | B19: =IF(MONTH(A19)>=7,YEAR(A19)+1,YEAR(A19)) -> 2024 | C19: =IF(MONTH(A19) >= 7, YEAR(A19) & "-" & YEAR(A19) + 1, YEAR(A19) - 1 & "-" & YEAR(A19)) -> 2023-2024 | D19: KMART ONLINE | E19: Mindarie | F19: =IF(G19="WA","Western Australia", IF(G19="NSW","New South Wales", IF(G19="QLD","Queensland", IF(G19="VIC","Victoria", IF(G19="TAS","Tasmania", IF(G19="SA","South Australia", IF(G19="NT","Northern Territory", IF(G19="ACT","Australian Capital Territory",G19)))))))) -> Western Australia | G19: WA | H19: 6030 | I19: Australia | J19: Tom McKenzie | K19: Baby & Nursery | L19: Amy Buchanan | M19: 1
A20: 45220 | B20: =IF(MONTH(A20)>=7,YEAR(A20)+1,YEAR(A20)) -> 2024 | C20: =IF(MONTH(A20) >= 7, YEAR(A20) & "-" & YEAR(A20) + 1, YEAR(A20) - 1 & "-" & YEAR(A20)) -> 2023-2024 | D20: KMART ONLINE | E20: Mindarie | F20: =IF(G20="WA","Western Australia", IF(G20="NSW","New South Wales", IF(G20="QLD","Queensland", IF(G20="VIC","Victoria", IF(G20="TAS","Tasmania", IF(G20="SA","South Australia", IF(G20="NT","Northern Territory", IF(G20="ACT","Australian Capital Territory",G20)))))))) -> Western Australia | G20: WA | H20: 6030 | I20: Australia | J20: Tom McKenzie | K20: Baby & Nursery | L20: Amy Buchanan | M20: 1
A21: 45138 | B21: =IF(MONTH(A21)>=7,YEAR(A21)+1,YEAR(A21)) -> 2024 | C21: =IF(MONTH(A21) >= 7, YEAR(A21) & "-" & YEAR(A21) + 1, YEAR(A21) - 1 & "-" & YEAR(A21)) -> 2023-2024 | D21: KMART STORE | E21: Mt Isa | F21: =IF(G21="WA","Western Australia", IF(G21="NSW","New South Wales", IF(G21="QLD","Queensland", IF(G21="VIC","Victoria", IF(G21="TAS","Tasmania", IF(G21="SA","South Australia", IF(G21="NT","Northern Territory", IF(G21="ACT","Australian Capital Territory",G21)))))))) -> Queensland | G21: QLD | H21: 4825 | I21: Australia | J21: Caroline Tucker | K21: Footwear | L21: Richard Carr | M21: 1
A22: 45162 | B22: =IF(MONTH(A22)>=7,YEAR(A22)+1,YEAR(A22)) -> 2024 | C22: =IF(MONTH(A22) >= 7, YEAR(A22) & "-" & YEAR(A22) + 1, YEAR(A22) - 1 & "-" & YEAR(A22)) -> 2023-2024 | D22: KMART STORE | E22: Noarlunga | F22: =IF(G22="WA","Western Australia", IF(G22="NSW","New South Wales", IF(G22="QLD","Queensland", IF(G22="VIC","Victoria", IF(G22="TAS","Tasmania", IF(G22="SA","South Australia", IF(G22="NT","Northern Territory", IF(G22="ACT","Australian Capital Territory",G22)))))))) -> South Australia | G22: SA | H22: 5168 | I22: Australia | J22: Ray Watson | K22: Baby & Nursery | L22: Amy Buchanan | M22: 1
A23: 45068 | B23: =IF(MONTH(A23)>=7,YEAR(A23)+1,YEAR(A23)) -> 2023 | C23: =IF(MONTH(A23) >= 7, YEAR(A23) & "-" & YEAR(A23) + 1, YEAR(A23) - 1 & "-" & YEAR(A23)) -> 2022-2023 | D23: KMART STORE | E23: Orange | F23: =IF(G23="WA","Western Australia", IF(G23="NSW","New South Wales", IF(G23="QLD","Queensland", IF(G23="VIC","Victoria", IF(G23="TAS","Tasmania", IF(G23="SA","South Australia", IF(G23="NT","Northern Territory", IF(G23="ACT","Australian Capital Territory",G23)))))))) -> New South Wales | G23: NSW | H23: 2800 | I23: Australia | J23: John Gardner | K23: Electronics & Entertainment | L23: Maggie Mayer | M23: 1
A24: 45093 | B24: =IF(MONTH(A24)>=7,YEAR(A24)+1,YEAR(A24)) -> 2023 | C24: =IF(MONTH(A24) >= 7, YEAR(A24) & "-" & YEAR(A24) + 1, YEAR(A24) - 1 & "-" & YEAR(A24)) -> 2022-2023 | D24: KMART STORE | E24: Sunbury | F24: =IF(G24="WA","Western Australia", IF(G24="NSW","New South Wales", IF(G24="QLD","Queensland", IF(G24="VIC","Victoria", IF(G24="TAS","Tasmania", IF(G24="SA","South Australia", IF(G24="NT","Northern Territory", IF(G24="ACT","Australian Capital Territory",G24)))))))) -> Victoria | G24: VIC | H24: 3429 | I24: Australia | J24: Jerry Fulton | K24: Baby & Nursery | L24: Amy Buchanan | M24: 1
A25: 45609 | B25: =IF(MONTH(A25)>=7,YEAR(A25)+1,YEAR(A25)) -> 2025 | C25: =IF(MONTH(A25) >= 7, YEAR(A25) & "-" & YEAR(A25) + 1, YEAR(A25) - 1 & "-" & YEAR(A25)) -> 2024-2025 | D25: KMART STORE | E25: Toombul | F25: =IF(G25="WA","Western Australia", IF(G25="NSW","New South Wales", IF(G25="QLD","Queensland", IF(G25="VIC","Victoria", IF(G25="TAS","Tasmania", IF(G25="SA","South Australia", IF(G25="NT","Northern Territory", IF(G25="ACT","Australian Capital Territory",G25)))))))) -> Queensland | G25: QLD | H25: 4012 | I25: Australia | J25: Terri Wright | K25: Baby & Nursery | L25: Amy Buchanan | M25: 1
... A202: 45464 | B202: =IF(MONTH(A202)>=7,YEAR(A202)+1,YEAR(A202)) -> 2024 | C202: =IF(MONTH(A202) >= 7, YEAR(A202) & "-" & YEAR(A202) + 1, YEAR(A202) - 1 & "-" & YEAR(A202)) -> 2023-2024 | D202: KMART STORE | E202: Frankston | F202: =IF(G202="WA","Western Australia", IF(G202="NSW","New South Wales", IF(G202="QLD","Queensland", IF(G202="VIC","Victoria", IF(G202="TAS","Tasmania", IF(G202="SA","South Australia", IF(G202="NT","Northern Territory", IF(G202="ACT","Australian Capital Territory",G202)))))))) -> Victoria | G202: VIC | H202: 3199 | I202: Australia | J202: Rachael Long | K202: Home & Living | L202: Elizabeth Gentry | M202: 4.96
A203: 45443 | B203: =IF(MONTH(A203)>=7,YEAR(A203)+1,YEAR(A203)) -> 2024 | C203: =IF(MONTH(A203) >= 7, YEAR(A203) & "-" & YEAR(A203) + 1, YEAR(A203) - 1 & "-" & YEAR(A203)) -> 2023-2024 | D203: KMART STORE | F203: =IF(G203="WA","Western Australia", IF(G203="NSW","New South Wales", IF(G203="QLD","Queensland", IF(G203="VIC","Victoria", IF(G203="TAS","Tasmania", IF(G203="SA","South Australia", IF(G203="NT","Northern Territory", IF(G203="ACT","Australian Capital Territory",G203)))))))) -> Western Australia | G203: WA | H203: 6021 | I203: Australia | J203: Tom McKenzie | K203: Footwear | L203: Richard Carr | M203: 4.99
A204: 45080 | B204: =IF(MONTH(A204)>=7,YEAR(A204)+1,YEAR(A204)) -> 2023 | C204: =IF(MONTH(A204) >= 7, YEAR(A204) & "-" & YEAR(A204) + 1, YEAR(A204) - 1 & "-" & YEAR(A204)) -> 2022-2023 | D204: KMART STORE | E204: Bussleton | F204: =IF(G204="WA","Western Australia", IF(G204="NSW","New South Wales", IF(G204="QLD","Queensland", IF(G204="VIC","Victoria", IF(G204="TAS","Tasmania", IF(G204="SA","South Australia", IF(G204="NT","Northern Territory", IF(G204="ACT","Australian Capital Territory",G204)))))))) -> Western Australia | G204: WA | H204: 6280 | I204: Australia | J204: Miles Hammond | K204: Electronics & Entertainment | L204: Maggie Mayer | M204: 4.99
A205: 45597 | B205: =IF(MONTH(A205)>=7,YEAR(A205)+1,YEAR(A205)) -> 2025 | C205: =IF(MONTH(A205) >= 7, YEAR(A205) & "-" & YEAR(A205) + 1, YEAR(A205) - 1 & "-" & YEAR(A205)) -> 2024-2025 | D205: KMART STORE | E205: Claremont | F205: =IF(G205="WA","Western Australia", IF(G205="NSW","New South Wales", IF(G205="QLD","Queensland", IF(G205="VIC","Victoria", IF(G205="TAS","Tasmania", IF(G205="SA","South Australia", IF(G205="NT","Northern Territory", IF(G205="ACT","Australian Capital Territory",G205)))))))) -> Western Australia | G205: WA | H205: 6010 | I205: Australia | J205: Tom McKenzie | K205: Electronics & Entertainment | L205: Maggie Mayer | M205: 4.99
A206: 45425 | B206: =IF(MONTH(A206)>=7,YEAR(A206)+1,YEAR(A206)) -> 2024 | C206: =IF(MONTH(A206) >= 7, YEAR(A206) & "-" & YEAR(A206) + 1, YEAR(A206) - 1 & "-" & YEAR(A206)) -> 2023-2024 | D206: KMART STORE | E206: Cranbourne | F206: =IF(G206="WA","Western Australia", IF(G206="NSW","New South Wales", IF(G206="QLD","Queensland", IF(G206="VIC","Victoria", IF(G206="TAS","Tasmania", IF(G206="SA","South Australia", IF(G206="NT","Northern Territory", IF(G206="ACT","Australian Capital Territory",G206)))))))) -> Victoria | G206: VIC | H206: 3977 | I206: Australia | J206: Owen Pierce | K206: Footwear | L206: Richard Carr | M206: 4.99
A207: 45038 | B207: =IF(MONTH(A207)>=7,YEAR(A207)+1,YEAR(A207)) -> 2023 | C207: =IF(MONTH(A207) >= 7, YEAR(A207) & "-" & YEAR(A207) + 1, YEAR(A207) - 1 & "-" & YEAR(A207)) -> 2022-2023 | D207: KMART STORE | E207: Dubbo | F207: =IF(G207="WA","Western Australia", IF(G207="NSW","New South Wales", IF(G207="QLD","Queensland", IF(G207="VIC","Victoria", IF(G207="TAS","Tasmania", IF(G207="SA","South Australia", IF(G207="NT","Northern Territory", IF(G207="ACT","Australian Capital Territory",G207)))))))) -> New South Wales | G207: NSW | H207: 2830 | I207: Australia | J207: John Gardner | K207: Electronics & Entertainment | L207: Maggie Mayer | M207: 4.99
A208: 45186 | B208: =IF(MONTH(A208)>=7,YEAR(A208)+1,YEAR(A208)) -> 2024 | C208: =IF(MONTH(A208) >= 7, YEAR(A208) & "-" & YEAR(A208) + 1, YEAR(A208) - 1 & "-" & YEAR(A208)) -> 2023-2024 | D208: KMART STORE | E208: Dural | F208: =IF(G208="WA","Western Australia", IF(G208="NSW","New South Wales", IF(G208="QLD","Queensland", IF(G208="VIC","Victoria", IF(G208="TAS","Tasmania", IF(G208="SA","South Australia", IF(G208="NT","Northern Territory", IF(G208="ACT","Australian Capital Territory",G208)))))))) -> New South Wales | G208: NSW | H208: 2158 | I208: Australia | J208: Lillian Pruitt | K208: Electronics & Entertainment | L208: Maggie Mayer | M208: 4.99
A209: 45460 | B209: =IF(MONTH(A209)>=7,YEAR(A209)+1,YEAR(A209)) -> 2024 | C209: =IF(MONTH(A209) >= 7, YEAR(A209) & "-" & YEAR(A209) + 1, YEAR(A209) - 1 & "-" & YEAR(A209)) -> 2023-2024 | D209: KMART STORE | E209: Dural | F209: =IF(G209="WA","Western Australia", IF(G209="NSW","New South Wales", IF(G209="QLD","Queensland", IF(G209="VIC","Victoria", IF(G209="TAS","Tasmania", IF(G209="SA","South Australia", IF(G209="NT","Northern Territory", IF(G209="ACT","Australian Capital Territory",G209)))))))) -> New South Wales | G209: NSW | H209: 2158 | I209: Australia | J209: Lillian Pruitt | K209: Clothing & Fashion | L209: Bruce Curran | M209: 4.99
A210: 45138 | B210: =IF(MONTH(A210)>=7,YEAR(A210)+1,YEAR(A210)) -> 2024 | C210: =IF(MONTH(A210) >= 7, YEAR(A210) & "-" & YEAR(A210) + 1, YEAR(A210) - 1 & "-" & YEAR(A210)) -> 2023-2024 | D210: KMART STORE | E210: Hervey Bay | F210: =IF(G210="WA","Western Australia", IF(G210="NSW","New South Wales", IF(G210="QLD","Queensland", IF(G210="VIC","Victoria", IF(G210="TAS","Tasmania", IF(G210="SA","South Australia", IF(G210="NT","Northern Territory", IF(G210="ACT","Australian Capital Territory",G210)))))))) -> Queensland | G210: QLD | H210: 4655 | I210: Australia | J210: Amber Ward | K210: Electronics & Entertainment | L210: Maggie Mayer | M210: 4.99
A211: 44993 | B211: =IF(MONTH(A211)>=7,YEAR(A211)+1,YEAR(A211)) -> 2023 | C211: =IF(MONTH(A211) >= 7, YEAR(A211) & "-" & YEAR(A211) + 1, YEAR(A211) - 1 & "-" & YEAR(A211)) -> 2022-2023 | D211: KMART STORE | E211: Maroochydore | F211: =IF(G211="WA","Western Australia", IF(G211="NSW","New South Wales", IF(G211="QLD","Queensland", IF(G211="VIC","Victoria", IF(G211="TAS","Tasmania", IF(G211="SA","South Australia", IF(G211="NT","Northern Territory", IF(G211="ACT","Australian Capital Territory",G211)))))))) -> Queensland | G211: QLD | H211: 4558 | I211: Australia | J211: Shellie Thomas | K211: Clothing & Fashion | L211: Bruce Curran | M211: 4.99
A212: 45626 | B212: =IF(MONTH(A212)>=7,YEAR(A212)+1,YEAR(A212)) -> 2025 | C212: =IF(MONTH(A212) >= 7, YEAR(A212) & "-" & YEAR(A212) + 1, YEAR(A212) - 1 & "-" & YEAR(A212)) -> 2024-2025 | D212: KMART ONLINE | E212: Southport | F212: =IF(G212="WA","Western Australia", IF(G212="NSW","New South Wales", IF(G212="QLD","Queensland", IF(G212="VIC","Victoria", IF(G212="TAS","Tasmania", IF(G212="SA","South Australia", IF(G212="NT","Northern Territory", IF(G212="ACT","Australian Capital Territory",G212)))))))) -> Queensland | G212: QLD | H212: 4215 | I212: Australia | J212: Ricky Wilkinson | K212: Clothing & Fashion | L212: Bruce Curran | M212: 4.99
A213: 45240 | B213: =IF(MONTH(A213)>=7,YEAR(A213)+1,YEAR(A213)) -> 2024 | C213: =IF(MONTH(A213) >= 7, YEAR(A213) & "-" & YEAR(A213) + 1, YEAR(A213) - 1 & "-" & YEAR(A213)) -> 2023-2024 | D213: KMART STORE | E213: Stafford | F213: =IF(G213="WA","Western Australia", IF(G213="NSW","New South Wales", IF(G213="QLD","Queensland", IF(G213="VIC","Victoria", IF(G213="TAS","Tasmania", IF(G213="SA","South Australia", IF(G213="NT","Northern Territory", IF(G213="ACT","Australian Capital Territory",G213)))))))) -> Queensland | G213: QLD | H213: 4053 | I213: Australia | J213: Terri Wright | K213: Clothing & Fashion | L213: Bruce Curran | M213: 4.99
A214: 45292 | B214: =IF(MONTH(A214)>=7,YEAR(A214)+1,YEAR(A214)) -> 2024 | C214: =IF(MONTH(A214) >= 7, YEAR(A214) & "-" & YEAR(A214) + 1, YEAR(A214) - 1 & "-" & YEAR(A214)) -> 2023-2024 | D214: KMART STORE | E214: Airlie Beach | F214: =IF(G214="WA","Western Australia", IF(G214="NSW","New South Wales", IF(G214="QLD","Queensland", IF(G214="VIC","Victoria", IF(G214="TAS","Tasmania", IF(G214="SA","South Australia", IF(G214="NT","Northern Territory", IF(G214="ACT","Australian Capital Territory",G214)))))))) -> Queensland | G214: QLD | H214: 4802 | I214: Australia | J214: Caroline Tucker | K214: Electronics & Entertainment | L214: Maggie Mayer | M214: 5
A215: 45487 | B215: =IF(MONTH(A215)>=7,YEAR(A215)+1,YEAR(A215)) -> 2025 | C215: =IF(MONTH(A215) >= 7, YEAR(A215) & "-" & YEAR(A215) + 1, YEAR(A215) - 1 & "-" & YEAR(A215)) -> 2024-2025 | D215: KMART ONLINE | E215: Caloundra | F215: =IF(G215="WA","Western Australia", IF(G215="NSW","New South Wales", IF(G215="QLD","Queensland", IF(G215="VIC","Victoria", IF(G215="TAS","Tasmania", IF(G215="SA","South Australia", IF(G215="NT","Northern Territory", IF(G215="ACT","Australian Capital Territory",G215)))))))) -> Queensland | G215: QLD | H215: 4551 | I215: Australia | J215: Shellie Thomas | K215: Toys & Outdoor Play | L215: Howard Wright | M215: 5
... A4506: 44960 | B4506: =IF(MONTH(A4506)>=7,YEAR(A4506)+1,YEAR(A4506)) -> 2023 | C4506: =IF(MONTH(A4506) >= 7, YEAR(A4506) & "-" & YEAR(A4506) + 1, YEAR(A4506) - 1 & "-" & YEAR(A4506)) -> 2022-2023 | D4506: KMART STORE | E4506: Campbelltown | F4506: =IF(G4506="WA","Western Australia", IF(G4506="NSW","New South Wales", IF(G4506="QLD","Queensland", IF(G4506="VIC","Victoria", IF(G4506="TAS","Tasmania", IF(G4506="SA","South Australia", IF(G4506="NT","Northern Territory", IF(G4506="ACT","Australian Capital Territory",G4506)))))))) -> New South Wales | G4506: NSW | H4506: 2560 | I4506: Australia | J4506: George Chester | K4506: Home & Living | L4506: Elizabeth Gentry | M4506: 12653.07

Sheet KMART DATA
A1: Date | B1: Financial Year | C1: Financial Year2 | D1: Type | E1: Suburb | F1: Full State | G1: State | H1: Postcode | I1: Country | J1: Manager | K1: Category | L1: Buyer | M1: Sales | N1: Count
A2: 45110 | B2: =IF(MONTH(A2)>=7,YEAR(A2)+1,YEAR(A2)) -> 2024 | C2: =IF(MONTH(A2) >= 7, YEAR(A2) & "-" & YEAR(A2) + 1, YEAR(A2) - 1 & "-" & YEAR(A2)) -> 2023-2024 | D2: KMART STORE | E2: Balcatta | F2: =IF(G2="WA","Western Australia", IF(G2="NSW","New South Wales", IF(G2="QLD","Queensland", IF(G2="VIC","Victoria", IF(G2="TAS","Tasmania", IF(G2="SA","South Australia", IF(G2="NT","Northern Territory", IF(G2="ACT","Australian Capital Territory",G2)))))))) -> Western Australia | G2: WA | H2: 6021 | I2: Australia | J2: Tom McKenzie | K2: Beauty & Personal Care | L2: Chester George | M2: 1 | N2: 1
A3: 45263 | B3: =IF(MONTH(A3)>=7,YEAR(A3)+1,YEAR(A3)) -> 2024 | C3: =IF(MONTH(A3) >= 7, YEAR(A3) & "-" & YEAR(A3) + 1, YEAR(A3) - 1 & "-" & YEAR(A3)) -> 2023-2024 | D3: KMART STORE | E3: Ballina | F3: =IF(G3="WA","Western Australia", IF(G3="NSW","New South Wales", IF(G3="QLD","Queensland", IF(G3="VIC","Victoria", IF(G3="TAS","Tasmania", IF(G3="SA","South Australia", IF(G3="NT","Northern Territory", IF(G3="ACT","Australian Capital Territory",G3)))))))) -> New South Wales | G3: NSW | H3: 2478 | I3: Australia | J3: Claire Bridges | K3: Home & Living | L3: Elizabeth Gentry | M3: 1 | N3: 1
A4: 45050 | B4: =IF(MONTH(A4)>=7,YEAR(A4)+1,YEAR(A4)) -> 2023 | C4: =IF(MONTH(A4) >= 7, YEAR(A4) & "-" & YEAR(A4) + 1, YEAR(A4) - 1 & "-" & YEAR(A4)) -> 2022-2023 | D4: KMART ONLINE | E4: Belconnen | F4: =IF(G4="WA","Western Australia", IF(G4="NSW","New South Wales", IF(G4="QLD","Queensland", IF(G4="VIC","Victoria", IF(G4="TAS","Tasmania", IF(G4="SA","South Australia", IF(G4="NT","Northern Territory", IF(G4="ACT","Australian Capital Territory",G4)))))))) -> Australian Capital Territory | G4: ACT | H4: 2617 | I4: Australia | J4: George Chester | K4: Home & Living | L4: Elizabeth Gentry | M4: 1 | N4: 1
A5: 45436 | B5: =IF(MONTH(A5)>=7,YEAR(A5)+1,YEAR(A5)) -> 2024 | C5: =IF(MONTH(A5) >= 7, YEAR(A5) & "-" & YEAR(A5) + 1, YEAR(A5) - 1 & "-" & YEAR(A5)) -> 2023-2024 | D5: KMART STORE | E5: Burleigh Waters | F5: =IF(G5="WA","Western Australia", IF(G5="NSW","New South Wales", IF(G5="QLD","Queensland", IF(G5="VIC","Victoria", IF(G5="TAS","Tasmania", IF(G5="SA","South Australia", IF(G5="NT","Northern Territory", IF(G5="ACT","Australian Capital Territory",G5)))))))) -> Queensland | G5: QLD | H5: 4220 | I5: Australia | J5: Ricky Wilkinson | K5: Accessories | L5: Sara Ferrell | M5: 1 | N5: 1
A6: 45170 | B6: =IF(MONTH(A6)>=7,YEAR(A6)+1,YEAR(A6)) -> 2024 | C6: =IF(MONTH(A6) >= 7, YEAR(A6) & "-" & YEAR(A6) + 1, YEAR(A6) - 1 & "-" & YEAR(A6)) -> 2023-2024 | D6: KMART STORE | E6: Castle Hill | F6: =IF(G6="WA","Western Australia", IF(G6="NSW","New South Wales", IF(G6="QLD","Queensland", IF(G6="VIC","Victoria", IF(G6="TAS","Tasmania", IF(G6="SA","South Australia", IF(G6="NT","Northern Territory", IF(G6="ACT","Australian Capital Territory",G6)))))))) -> New South Wales | G6: NSW | H6: 2154 | I6: Australia | J6: Lillian Pruitt | K6: Baby & Nursery | L6: Amy Buchanan | M6: 1 | N6: 1
A7: 45208 | B7: =IF(MONTH(A7)>=7,YEAR(A7)+1,YEAR(A7)) -> 2024 | C7: =IF(MONTH(A7) >= 7, YEAR(A7) & "-" & YEAR(A7) + 1, YEAR(A7) - 1 & "-" & YEAR(A7)) -> 2023-2024 | D7: KMART STORE | E7: Chatswood | F7: =IF(G7="WA","Western Australia", IF(G7="NSW","New South Wales", IF(G7="QLD","Queensland", IF(G7="VIC","Victoria", IF(G7="TAS","Tasmania", IF(G7="SA","South Australia", IF(G7="NT","Northern Territory", IF(G7="ACT","Australian Capital Territory",G7)))))))) -> New South Wales | G7: NSW | H7: 2067 | I7: Australia | J7: Jeremy Garcia | K7: Beauty & Personal Care | L7: Chester George | M7: 1 | N7: 1
A8: 44968 | B8: =IF(MONTH(A8)>=7,YEAR(A8)+1,YEAR(A8)) -> 2023 | C8: =IF(MONTH(A8) >= 7, YEAR(A8) & "-" & YEAR(A8) + 1, YEAR(A8) - 1 & "-" & YEAR(A8)) -> 2022-2023 | D8: KMART STORE | E8: Claremont | F8: =IF(G8="WA","Western Australia", IF(G8="NSW","New South Wales", IF(G8="QLD","Queensland", IF(G8="VIC","Victoria", IF(G8="TAS","Tasmania", IF(G8="SA","South Australia", IF(G8="NT","Northern Territory", IF(G8="ACT","Australian Capital Territory",G8)))))))) -> Western Australia | G8: WA | H8: 6010 | I8: Australia | J8: Tom McKenzie | K8: Clothing & Fashion | L8: Bruce Curran | M8: 1 | N8: 1
A9: 45228 | B9: =IF(MONTH(A9)>=7,YEAR(A9)+1,YEAR(A9)) -> 2024 | C9: =IF(MONTH(A9) >= 7, YEAR(A9) & "-" & YEAR(A9) + 1, YEAR(A9) - 1 & "-" & YEAR(A9)) -> 2023-2024 | D9: KMART STORE | E9: Dandenong | F9: =IF(G9="WA","Western Australia", IF(G9="NSW","New South Wales", IF(G9="QLD","Queensland", IF(G9="VIC","Victoria", IF(G9="TAS","Tasmania", IF(G9="SA","South Australia", IF(G9="NT","Northern Territory", IF(G9="ACT","Australian Capital Territory",G9)))))))) -> Victoria | G9: VIC | H9: 3175 | I9: Australia | J9: Rachael Long | K9: Home & Living | L9: Elizabeth Gentry | M9: 1 | N9: 1
A10: 45295 | B10: =IF(MONTH(A10)>=7,YEAR(A10)+1,YEAR(A10)) -> 2024 | C10: =IF(MONTH(A10) >= 7, YEAR(A10) & "-" & YEAR(A10) + 1, YEAR(A10) - 1 & "-" & YEAR(A10)) -> 2023-2024 | D10: KMART STORE | E10: Dural | F10: =IF(G10="WA","Western Australia", IF(G10="NSW","New South Wales", IF(G10="QLD","Queensland", IF(G10="VIC","Victoria", IF(G10="TAS","Tasmania", IF(G10="SA","South Australia", IF(G10="NT","Northern Territory", IF(G10="ACT","Australian Capital Territory",G10)))))))) -> New South Wales | G10: NSW | H10: 2158 | I10: Australia | J10: Lillian Pruitt | K10: Baby & Nursery | L10: Amy Buchanan | M10: 1 | N10: 1
A11: 45414 | B11: =IF(MONTH(A11)>=7,YEAR(A11)+1,YEAR(A11)) -> 2024 | C11: =IF(MONTH(A11) >= 7, YEAR(A11) & "-" & YEAR(A11) + 1, YEAR(A11) - 1 & "-" & YEAR(A11)) -> 2023-2024 | D11: KMART STORE | E11: Epping | F11: =IF(G11="WA","Western Australia", IF(G11="NSW","New South Wales", IF(G11="QLD","Queensland", IF(G11="VIC","Victoria", IF(G11="TAS","Tasmania", IF(G11="SA","South Australia", IF(G11="NT","Northern Territory", IF(G11="ACT","Australian Capital Territory",G11)))))))) -> Victoria | G11: VIC | H11: 3076 | I11: Australia | J11: Brian Hubbard | K11: Electronics & Entertainment | L11: Maggie Mayer | M11: 1 | N11: 1
A12: 45307 | B12: =IF(MONTH(A12)>=7,YEAR(A12)+1,YEAR(A12)) -> 2024 | C12: =IF(MONTH(A12) >= 7, YEAR(A12) & "-" & YEAR(A12) + 1, YEAR(A12) - 1 & "-" & YEAR(A12)) -> 2023-2024 | D12: KMART STORE | E12: Epping | F12: =IF(G12="WA","Western Australia", IF(G12="NSW","New South Wales", IF(G12="QLD","Queensland", IF(G12="VIC","Victoria", IF(G12="TAS","Tasmania", IF(G12="SA","South Australia", IF(G12="NT","Northern Territory", IF(G12="ACT","Australian Capital Territory",G12)))))))) -> Victoria | G12: VIC | H12: 3076 | I12: Australia | J12: Brian Hubbard | K12: Beauty & Personal Care | L12: Chester George | M12: 1 | N12: 1
A13: 45212 | B13: =IF(MONTH(A13)>=7,YEAR(A13)+1,YEAR(A13)) -> 2024 | C13: =IF(MONTH(A13) >= 7, YEAR(A13) & "-" & YEAR(A13) + 1, YEAR(A13) - 1 & "-" & YEAR(A13)) -> 2023-2024 | D13: KMART STORE | E13: Epsom | F13: =IF(G13="WA","Western Australia", IF(G13="NSW","New South Wales", IF(G13="QLD","Queensland", IF(G13="VIC","Victoria", IF(G13="TAS","Tasmania", IF(G13="SA","South Australia", IF(G13="NT","Northern Territory", IF(G13="ACT","Australian Capital Territory",G13)))))))) -> Victoria | G13: VIC | H13: 3551 | I13: Australia | J13: Jerry Fulton | K13: Stationery & Office Supplies | L13: Ella Hickman | M13: 1 | N13: 1
... A4506: 44960 | B4506: =IF(MONTH(A4506)>=7,YEAR(A4506)+1,YEAR(A4506)) -> 2023 | C4506: =IF(MONTH(A4506) >= 7, YEAR(A4506) & "-" & YEAR(A4506) + 1, YEAR(A4506) - 1 & "-" & YEAR(A4506)) -> 2022-2023 | D4506: KMART STORE | E4506: Campbelltown | F4506: =IF(G4506="WA","Western Australia", IF(G4506="NSW","New South Wales", IF(G4506="QLD","Queensland", IF(G4506="VIC","Victoria", IF(G4506="TAS","Tasmania", IF(G4506="SA","South Australia", IF(G4506="NT","Northern Territory", IF(G4506="ACT","Australian Capital Territory",G4506)))))))) -> New South Wales | G4506: NSW | H4506: 2560 | I4506: Australia | J4506: George Chester | K4506: Home & Living | L4506: Elizabeth Gentry | M4506: 12653.07 | N4506: 1

Sheet Dashboard
D2: Sales Dashboard
R25: Total Sales and Trend by State
R26: State | S26: Total Sales | T26: Sales Total | U26: Online | V26: Store
R27: =IF(Sparkline_SaleTrend!B7="","",Sparkline_SaleTrend!B7) -> Australian Capital Territory | S27: =IFERROR(GETPIVOTDATA("Sales",Sales_byState!$B$4,"Full State",R27,"Country","Australia"),"") -> 38681.96
R28: =IF(Sparkline_SaleTrend!B8="","",Sparkline_SaleTrend!B8) -> New South Wales | S28: =IFERROR(GETPIVOTDATA("Sales",Sales_byState!$B$4,"Full State",R28,"Country","Australia"),"") -> 1165603.5
R29: =IF(Sparkline_SaleTrend!B9="","",Sparkline_SaleTrend!B9) -> Northern Territory | S29: =IFERROR(GETPIVOTDATA("Sales",Sales_byState!$B$4,"Full State",R29,"Country","Australia"),"") -> 67846.81
R30: =IF(Sparkline_SaleTrend!B10="","",Sparkline_SaleTrend!B10) -> Queensland | S30: =IFERROR(GETPIVOTDATA("Sales",Sales_byState!$B$4,"Full State",R30,"Country","Australia"),"") -> 603864.98
R31: =IF(Sparkline_SaleTrend!B11="","",Sparkline_SaleTrend!B11) -> South Australia | S31: =IFERROR(GETPIVOTDATA("Sales",Sales_byState!$B$4,"Full State",R31,"Country","Australia"),"") -> 112716.27
R32: =IF(Sparkline_SaleTrend!B12="","",Sparkline_SaleTrend!B12) -> Tasmania | S32: =IFERROR(GETPIVOTDATA("Sales",Sales_byState!$B$4,"Full State",R32,"Country","Australia"),"") -> 59512.45
R33: =IF(Sparkline_SaleTrend!B13="","",Sparkline_SaleTrend!B13) -> Victoria | S33: =IFERROR(GETPIVOTDATA("Sales",Sales_byState!$B$4,"Full State",R33,"Country","Australia"),"") -> 825449.32
R34: =IF(Sparkline_SaleTrend!B14="","",Sparkline_SaleTrend!B14) -> Western Australia | S34: =IFERROR(GETPIVOTDATA("Sales",Sales_byState!$B$4,"Full State",R34,"Country","Australia"),"") -> 312583.22
AB51: =CHAR(174)&" Shakti 2025" -> ® Shakti 2025

Sheet Total_SalesAverage
B4: Row Labels | C4: Sum of Sales | D4: Average of Sales2 | G4: Sales Check | H4: Average Check
B5: KMART ONLINE | C5: 658115.49 | D5: 502.76202 | G5: =GETPIVOTDATA("Sum of Sales",$B$4) -> 3186258.5 | H5: =GETPIVOTDATA("Average of Sales2",$B$4) -> 707.27158
B6: KMART STORE | C6: 2528143 | D6: 791.03348
B7: Grand Total | C7: 3186258.5 | D7: 707.27158

Sheet Total_SalesOverTime
B4: Sum of Sales | C4: Column Labels
B5: Row Labels | C5: KMART ONLINE | D5: KMART STORE | E5: Grand Total
B6: 2023 | C6: 312187.35 | D6: 1319266.3 | E6: 1631453.7
B7: Jan | C7: 17665.07 | D7: 113131.16 | E7: 130796.23
B8: Feb | C8: 12622.54 | D8: 119907.95 | E8: 132530.49
B9: Mar | C9: 30766.69 | D9: 90020.7 | E9: 120787.39
B10: Apr | C10: 27919.52 | D10: 142763.91 | E10: 170683.43
B11: May | C11: 32337.62 | D11: 92188.86 | E11: 124526.48
B12: Jun | C12: 42988.65 | D12: 145977.94 | E12: 188966.59
B13: Jul | C13: 23888.63 | D13: 109827.61 | E13: 133716.24
B14: Aug | C14: 31904.03 | D14: 120579.63 | E14: 152483.66
B15: Sep | C15: 24828.08 | D15: 108649.16 | E15: 133477.24
B16: Oct | C16: 17343.39 | D16: 106032.67 | E16: 123376.06
B17: Nov | C17: 18723.63 | D17: 73922.55 | E17: 92646.18
... B31: Dec | C31: 24775.33 | D31: 113133.51 | E31: 137908.84
B32: Grand Total | C32: 658115.49 | D32: 2528143 | E32: 3186258.5 | G32: Sales Check | H32: =SUM(Data[Sales]) -> 3186258.5

Sheet Average_SalesOverTime
B4: Average of Sales | C4: Column Labels
B5: Row Labels | C5: KMART ONLINE | D5: KMART STORE | E5: Grand Total
B6: 2023 | C6: 493.96733 | D6: 803.94047 | E6: 717.75348
B7: Jan | C7: 353.3014 | D7: 844.26239 | E7: 710.84908
B8: Feb | C8: 293.54744 | D8: 826.95138 | E8: 704.94941
B9: Mar | C9: 530.46017 | D9: 652.32391 | E9: 616.26219
B10: Apr | C10: 507.62764 | D10: 951.7594 | E10: 832.6021
B11: May | C11: 557.54517 | D11: 720.22547 | E11: 669.4972
B12: Jun | C12: 741.18362 | D12: 1035.3045 | E12: 949.58085
B13: Jul | C13: 487.52306 | D13: 762.69174 | E13: 692.83026
B14: Aug | C14: 540.74627 | D14: 803.8642 | E14: 729.58689
B15: Sep | C15: 591.14476 | D15: 749.30455 | E15: 713.78203
B16: Oct | C16: 327.23377 | D16: 821.95868 | E16: 677.89044
B17: Nov | C17: 374.4726 | D17: 642.80478 | E17: 561.492
... B31: Dec | C31: 393.25921 | D31: 819.80804 | E31: 686.11363
B32: Grand Total | C32: 502.76202 | D32: 791.03348 | E32: 707.27158 | G32: Average Check | H32: =AVERAGE(Data[Sales]) -> 707.27158

Sheet Sales_byState
B4: Country | C4: Full State | D4: Sum of Sales | F4: Country | G4: Full State | H4: Sum of Sales
B5: Australia | C5: Australian Capital Territory | D5: 38681.96 | F5: Australia | G5: Australian Capital Territory | H5: 38681.96
B6: Australia | C6: New South Wales | D6: 1165603.5 | F6: Australia | G6: New South Wales | H6: 1165603.5
B7: Australia | C7: Northern Territory | D7: 67846.81 | F7: Australia | G7: Northern Territory | H7: 67846.81
B8: Australia | C8: Queensland | D8: 603864.98 | F8: Australia | G8: Queensland | H8: 603864.98
B9: Australia | C9: South Australia | D9: 112716.27 | F9: Australia | G9: South Australia | H9: 112716.27
B10: Australia | C10: Tasmania | D10: 59512.45 | F10: Australia | G10: Tasmania | H10: 59512.45
B11: Australia | C11: Victoria | D11: 825449.32 | F11: Australia | G11: Victoria | H11: 825449.32
B12: Australia | C12: Western Australia | D12: 312583.22 | F12: Australia | G12: Western Australia | H12: 312583.22
B13: Australia Total | D13: 3186258.5
B14: Grand Total | D14: 3186258.5 | F14: Sales Check | G14: =SUM(Data[[#All],[Sales]]) -> 3186258.5

Sheet Sales_byCategory
B4: Sum of Sales | C4: Column Labels
B5: Row Labels | C5: KMART ONLINE | D5: KMART STORE | E5: Grand Total
B6: Party & Gift Wrap | C6: 12738.55 | D6: 48848.58 | E6: 61587.13
B7: Stationery & Office Supplies | C7: 15631.69 | D7: 51254.19 | E7: 66885.88
B8: Accessories | C8: 23548.91 | D8: 63908.99 | E8: 87457.9
B9: Electronics & Entertainment | C9: 39203.43 | D9: 125502.73 | E9: 164706.16
B10: Baby & Nursery | C10: 45816.3 | D10: 174100.78 | E10: 219917.08
B11: Beauty & Personal Care | C11: 81915.97 | D11: 278257.8 | E11: 360173.77
B12: Footwear | C12: 69084.55 | D12: 312539.23 | E12: 381623.78
B13: Toys & Outdoor Play | C13: 121697.56 | D13: 427704.99 | E13: 549402.55
B14: Home & Living | C14: 104554.16 | D14: 503470.23 | E14: 608024.39
B15: Clothing & Fashion | C15: 143924.37 | D15: 542555.47 | E15: 686479.84
B16: Grand Total | C16: 658115.49 | D16: 2528143 | E16: 3186258.5 | G16: Sales Check | H16: =SUM(Data[[#All],[Sales]]) -> 3186258.5

Sheet Sales_bySuburb
B4: Sum of Sales | C4: Column Labels
B5: Row Labels | C5: KMART ONLINE | D5: KMART STORE | E5: Grand Total
B6: Castle Hill | C6: 4935.67 | D6: 66856.09 | E6: 71791.76
B7: Armidale | C7: 65457.71 | D7: 7650.54 | E7: 73108.25
B8: Ballarat | C8: 15847.23 | D8: 58570.1 | E8: 74417.33
B9: Dubbo | C9: 3266.77 | D9: 71472.15 | E9: 74738.92
B10: Alexandria | C10: 64607.83 | D10: 10855.09 | E10: 75462.92
B11: Albany | C11: 63673.17 | D11: 12433.82 | E11: 76106.99
B12: Underwood | C12: 1632.75 | D12: 75585.83 | E12: 77218.58
B13: Chadstone | C13: 1827.37 | D13: 82414.69 | E13: 84242.06
B14: Campbelltown | C14: 2666.74 | D14: 94778.62 | E14: 97445.36
B15: Frankston | C15: 1627.17 | D15: 104095.14 | E15: 105722.31
B16: Grand Total | C16: 225542.41 | D16: 584712.07 | E16: 810254.48 | G16: Suburb Check | H16: =INDEX(B6:B100,MATCH(_xlfn.MAXIFS(D6:D100, B6:B100, "<>Grand Total"),D6:D100,0)) -> Frankston

Sheet Sales_byType
B4: Row Labels | C4: Sum of Sales
B5: KMART ONLINE | C5: 658115.49
B6: KMART STORE | C6: 2528143
B7: Grand Total | C7: 3186258.5
B9: Sales Check | C9: =SUM(Data[[#All],[Sales]]) -> 3186258.5

Sheet Sparkline_SaleTrend
B2: Type | C2: (All)
B4: Sum of Sales | C4: Column Labels
C5: 2023 | O5: 2024
B6: Row Labels | C6: Jan | D6: Feb | E6: Mar | F6: Apr | G6: May | H6: Jun | I6: Jul | J6: Aug | K6: Sep | L6: Oct | M6: Nov | N6: Dec | O6: Jan | P6: Feb | Q6: Mar | R6: Apr | S6: May | T6: Jun | U6: Jul | V6: Aug | W6: Sep | X6: Oct | Y6: Nov | Z6: Dec
B7: Australian Capital Territory | C7: 2487.93 | D7: 31 | E7: 522.22 | F7: 2517.59 | G7: 547.48 | H7: 1882.32 | I7: 2351.43 | J7: 747.94 | K7: 859.16 | L7: 1291.51 | M7: 1043.02 | N7: 1358.68 | O7: 1261.25 | P7: 832.84 | Q7: 102.8 | R7: 1345.34 | S7: 2312.97 | T7: 3207.83 | U7: 8576.91 | V7: 91.25 | W7: 609.46 | X7: 3779.82 | Y7: 57.8 | Z7: 863.41
B8: New South Wales | C8: 34786.91 | D8: 53147.22 | E8: 47054.91 | F8: 65289.14 | G8: 42797.46 | H8: 75352.9 | I8: 43487.3 | J8: 52364.45 | K8: 36195.92 | L8: 36885.59 | M8: 29161.07 | N8: 53154.85 | O8: 46181.35 | P8: 32879.5 | Q8: 54809.26 | R8: 51842.82 | S8: 59859.29 | T8: 26656.73 | U8: 41840.67 | V8: 96334.98 | W8: 51098.7 | X8: 56519.55 | Y8: 39642.65 | Z8: 38260.25
B9: Northern Territory | C9: 5444.25 | D9: 6893.44 | E9: 283.01 | F9: 2888.44 | G9: 3095.21 | H9: 1090.93 | I9: 3061.76 | J9: 1037.09 | K9: 1766.66 | L9: 5480.28 | M9: 1867.12 | N9: 975.43 | O9: 667.67 | P9: 375.27 | Q9: 2939.04 | R9: 1920.32 | S9: 1808.31 | T9: 207.42 | U9: 3318.26 | V9: 325.47 | W9: 9915.38 | X9: 325.86 | Y9: 10540.67 | Z9: 1619.52
B10: Queensland | C10: 20657.06 | D10: 23682.34 | E10: 24229.68 | F10: 27449.05 | G10: 38339.41 | H10: 43033.21 | I10: 19780.93 | J10: 38129.71 | K10: 44197.53 | L10: 5681.13 | M10: 23206.23 | N10: 18849.86 | O10: 24303.97 | P10: 25062.28 | Q10: 13944.38 | R10: 27965.3 | S10: 24158.3 | T10: 28111.27 | U10: 22330.28 | V10: 19140.33 | W10: 15295.26 | X10: 16906.9 | Y10: 30509.22 | Z10: 28901.35
B11: South Australia | C11: 6127.46 | D11: 2657.02 | E11: 1639.22 | F11: 3449.05 | G11: 2693.26 | H11: 4159.73 | I11: 3013.54 | J11: 5542.8 | K11: 4511.49 | L11: 7133.27 | M11: 4808.09 | N11: 4008.05 | O11: 3172.76 | P11: 5262.75 | Q11: 3046.49 | R11: 6725.42 | S11: 1583.25 | T11: 5915.53 | U11: 8457.03 | V11: 5144.95 | W11: 5652.97 | X11: 6560.21 | Y11: 6358.13 | Z11: 5093.8
B12: Tasmania | C12: 2982.14 | D12: 3427.43 | E12: 552.32 | F12: 2185 | G12: 3372.03 | H12: 1828.1 | I12: 1840.51 | J12: 2493.61 | K12: 4015.02 | L12: 2474.28 | M12: 2305.18 | N12: 2311.21 | O12: 2810.88 | P12: 3643.46 | Q12: 7370.86 | R12: 2103.99 | S12: 1498.65 | T12: 2758.87 | U12: 783.95 | V12: 456.23 | W12: 4576.73 | X12: 1710.28 | Y12: 1347.56 | Z12: 664.16
B13: Victoria | C13: 39578.92 | D13: 27773.33 | E13: 39689.17 | F13: 57017.14 | G13: 21766.87 | H13: 38197.99 | I13: 47882.67 | J13: 38629.98 | K13: 35624.46 | L13: 35095.76 | M13: 22766.99 | N13: 36863.53 | O13: 22197.23 | P13: 29964.02 | Q13: 22233.41 | R13: 28750.12 | S13: 28477.1 | T13: 16526.49 | U13: 32150.34 | V13: 66180.38 | W13: 16808.3 | X13: 38666.62 | Y13: 34258.49 | Z13: 48350.01
B14: Western Australia | C14: 18731.56 | D14: 14918.71 | E14: 6816.86 | F14: 9888.02 | G14: 11914.76 | H14: 23421.41 | I14: 12298.1 | J14: 13538.08 | K14: 6307 | L14: 29334.24 | M14: 7488.48 | N14: 9942.06 | O14: 7155.25 | P14: 12494.41 | Q14: 11929.61 | R14: 6357.61 | S14: 8505.49 | T14: 10404.9 | U14: 10830.93 | V14: 20103.46 | W14: 11263.06 | X14: 15979.57 | Y14: 18803.31 | Z14: 14156.34
B18: Type | C18: (All)
B20: Sum of Sales | C20: Column Labels
C21: 2023 | O21: 2024
B22: Row Labels | C22: Jan | D22: Feb | E22: Mar | F22: Apr | G22: May | H22: Jun | I22: Jul | J22: Aug | K22: Sep | L22: Oct | M22: Nov | N22: Dec | O22: Jan | P22: Feb | Q22: Mar | R22: Apr | S22: May | T22: Jun | U22: Jul | V22: Aug | W22: Sep | X22: Oct | Y22: Nov | Z22: Dec
B23: Australian Capital Territory | C23: 2487.93 | D23: 31 | E23: 522.22 | F23: 2517.59 | G23: 547.48 | H23: 1882.32 | I23: 2351.43 | J23: 747.94 | K23: 859.16 | L23: 1291.51 | M23: 1043.02 | N23: 1358.68 | O23: 1261.25 | P23: 832.84 | Q23: 102.8 | R23: 1345.34 | S23: 2312.97 | T23: 3207.83 | U23: 8576.91 | V23: 91.25 | W23: 609.46 | X23: 3779.82 | Y23: 57.8 | Z23: 863.41
B24: New South Wales | C24: 34786.91 | D24: 53147.22 | E24: 47054.91 | F24: 65289.14 | G24: 42797.46 | H24: 75352.9 | I24: 43487.3 | J24: 52364.45 | K24: 36195.92 | L24: 36885.59 | M24: 29161.07 | N24: 53154.85 | O24: 46181.35 | P24: 32879.5 | Q24: 54809.26 | R24: 51842.82 | S24: 59859.29 | T24: 26656.73 | U24: 41840.67 | V24: 96334.98 | W24: 51098.7 | X24: 56519.55 | Y24: 39642.65 | Z24: 38260.25
B25: Northern Territory | C25: 5444.25 | D25: 6893.44 | E25: 283.01 | F25: 2888.44 | G25: 3095.21 | H25: 1090.93 | I25: 3061.76 | J25: 1037.09 | K25: 1766.66 | L25: 5480.28 | M25: 1867.12 | N25: 975.43 | O25: 667.67 | P25: 375.27 | Q25: 2939.04 | R25: 1920.32 | S25: 1808.31 | T25: 207.42 | U25: 3318.26 | V25: 325.47 | W25: 9915.38 | X25: 325.86 | Y25: 10540.67 | Z25: 1619.52
B26: Queensland | C26: 20657.06 | D26: 23682.34 | E26: 24229.68 | F26: 27449.05 | G26: 38339.41 | H26: 43033.21 | I26: 19780.93 | J26: 38129.71 | K26: 44197.53 | L26: 5681.13 | M26: 23206.23 | N26: 18849.86 | O26: 24303.97 | P26: 25062.28 | Q26: 13944.38 | R26: 27965.3 | S26: 24158.3 | T26: 28111.27 | U26: 22330.28 | V26: 19140.33 | W26: 15295.26 | X26: 16906.9 | Y26: 30509.22 | Z26: 28901.35
B27: South Australia | C27: 6127.46 | D27: 2657.02 | E27: 1639.22 | F27: 3449.05 | G27: 2693.26 | H27: 4159.73 | I27: 3013.54 | J27: 5542.8 | K27: 4511.49 | L27: 7133.27 | M27: 4808.09 | N27: 4008.05 | O27: 3172.76 | P27: 5262.75 | Q27: 3046.49 | R27: 6725.42 | S27: 1583.25 | T27: 5915.53 | U27: 8457.03 | V27: 5144.95 | W27: 5652.97 | X27: 6560.21 | Y27: 6358.13 | Z27: 5093.8
B28: Tasmania | C28: 2982.14 | D28: 3427.43 | E28: 552.32 | F28: 2185 | G28: 3372.03 | H28: 1828.1 | I28: 1840.51 | J28: 2493.61 | K28: 4015.02 | L28: 2474.28 | M28: 2305.18 | N28: 2311.21 | O28: 2810.88 | P28: 3643.46 | Q28: 7370.86 | R28: 2103.99 | S28: 1498.65 | T28: 2758.87 | U28: 783.95 | V28: 456.23 | W28: 4576.73 | X28: 1710.28 | Y28: 1347.56 | Z28: 664.16
B29: Victoria | C29: 39578.92 | D29: 27773.33 | E29: 39689.17 | F29: 57017.14 | G29: 21766.87 | H29: 38197.99 | I29: 47882.67 | J29: 38629.98 | K29: 35624.46 | L29: 35095.76 | M29: 22766.99 | N29: 36863.53 | O29: 22197.23 | P29: 29964.02 | Q29: 22233.41 | R29: 28750.12 | S29: 28477.1 | T29: 16526.49 | U29: 32150.34 | V29: 66180.38 | W29: 16808.3 | X29: 38666.62 | Y29: 34258.49 | Z29: 48350.01
B30: Western Australia | C30: 18731.56 | D30: 14918.71 | E30: 6816.86 | F30: 9888.02 | G30: 11914.76 | H30: 23421.41 | I30: 12298.1 | J30: 13538.08 | K30: 6307 | L30: 29334.24 | M30: 7488.48 | N30: 9942.06 | O30: 7155.25 | P30: 12494.41 | Q30: 11929.61 | R30: 6357.61 | S30: 8505.49 | T30: 10404.9 | U30: 10830.93 | V30: 20103.46 | W30: 11263.06 | X30: 15979.57 | Y30: 18803.31 | Z30: 14156.34
B34: Type | C34: (All)
B36: Sum of Sales | C36: Column Labels
C37: 2023 | O37: 2024
B38: Row Labels | C38: Jan | D38: Feb | E38: Mar | F38: Apr | G38: May | H38: Jun | I38: Jul | J38: Aug | K38: Sep | L38: Oct | M38: Nov | N38: Dec | O38: Jan | P38: Feb | Q38: Mar | R38: Apr | S38: May | T38: Jun | U38: Jul | V38: Aug | W38: Sep | X38: Oct | Y38: Nov | Z38: Dec
B39: Australian Capital Territory | C39: 2487.93 | D39: 31 | E39: 522.22 | F39: 2517.59 | G39: 547.48 | H39: 1882.32 | I39: 2351.43 | J39: 747.94 | K39: 859.16 | L39: 1291.51 | M39: 1043.02 | N39: 1358.68 | O39: 1261.25 | P39: 832.84 | Q39: 102.8 | R39: 1345.34 | S39: 2312.97 | T39: 3207.83 | U39: 8576.91 | V39: 91.25 | W39: 609.46 | X39: 3779.82 | Y39: 57.8 | Z39: 863.41
B40: New South Wales | C40: 34786.91 | D40: 53147.22 | E40: 47054.91 | F40: 65289.14 | G40: 42797.46 | H40: 75352.9 | I40: 43487.3 | J40: 52364.45 | K40: 36195.92 | L40: 36885.59 | M40: 29161.07 | N40: 53154.85 | O40: 46181.35 | P40: 32879.5 | Q40: 54809.26 | R40: 51842.82 | S40: 59859.29 | T40: 26656.73 | U40: 41840.67 | V40: 96334.98 | W40: 51098.7 | X40: 56519.55 | Y40: 39642.65 | Z40: 38260.25
B41: Northern Territory | C41: 5444.25 | D41: 6893.44 | E41: 283.01 | F41: 2888.44 | G41: 3095.21 | H41: 1090.93 | I41: 3061.76 | J41: 1037.09 | K41: 1766.66 | L41: 5480.28 | M41: 1867.12 | N41: 975.43 | O41: 667.67 | P41: 375.27 | Q41: 2939.04 | R41: 1920.32 | S41: 1808.31 | T41: 207.42 | U41: 3318.26 | V41: 325.47 | W41: 9915.38 | X41: 325.86 | Y41: 10540.67 | Z41: 1619.52
B42: Queensland | C42: 20657.06 | D42: 23682.34 | E42: 24229.68 | F42: 27449.05 | G42: 38339.41 | H42: 43033.21 | I42: 19780.93 | J42: 38129.71 | K42: 44197.53 | L42: 5681.13 | M42: 23206.23 | N42: 18849.86 | O42: 24303.97 | P42: 25062.28 | Q42: 13944.38 | R42: 27965.3 | S42: 24158.3 | T42: 28111.27 | U42: 22330.28 | V42: 19140.33 | W42: 15295.26 | X42: 16906.9 | Y42: 30509.22 | Z42: 28901.35
B43: South Australia | C43: 6127.46 | D43: 2657.02 | E43: 1639.22 | F43: 3449.05 | G43: 2693.26 | H43: 4159.73 | I43: 3013.54 | J43: 5542.8 | K43: 4511.49 | L43: 7133.27 | M43: 4808.09 | N43: 4008.05 | O43: 3172.76 | P43: 5262.75 | Q43: 3046.49 | R43: 6725.42 | S43: 1583.25 | T43: 5915.53 | U43: 8457.03 | V43: 5144.95 | W43: 5652.97 | X43: 6560.21 | Y43: 6358.13 | Z43: 5093.8
B44: Tasmania | C44: 2982.14 | D44: 3427.43 | E44: 552.32 | F44: 2185 | G44: 3372.03 | H44: 1828.1 | I44: 1840.51 | J44: 2493.61 | K44: 4015.02 | L44: 2474.28 | M44: 2305.18 | N44: 2311.21 | O44: 2810.88 | P44: 3643.46 | Q44: 7370.86 | R44: 2103.99 | S44: 1498.65 | T44: 2758.87 | U44: 783.95 | V44: 456.23 | W44: 4576.73 | X44: 1710.28 | Y44: 1347.56 | Z44: 664.16
B45: Victoria | C45: 39578.92 | D45: 27773.33 | E45: 39689.17 | F45: 57017.14 | G45: 21766.87 | H45: 38197.99 | I45: 47882.67 | J45: 38629.98 | K45: 35624.46 | L45: 35095.76 | M45: 22766.99 | N45: 36863.53 | O45: 22197.23 | P45: 29964.02 | Q45: 22233.41 | R45: 28750.12 | S45: 28477.1 | T45: 16526.49 | U45: 32150.34 | V45: 66180.38 | W45: 16808.3 | X45: 38666.62 | Y45: 34258.49 | Z45: 48350.01
B46: Western Australia | C46: 18731.56 | D46: 14918.71 | E46: 6816.86 | F46: 9888.02 | G46: 11914.76 | H46: 23421.41 | I46: 12298.1 | J46: 13538.08 | K46: 6307 | L46: 29334.24 | M46: 7488.48 | N46: 9942.06 | O46: 7155.25 | P46: 12494.41 | Q46: 11929.61 | R46: 6357.61 | S46: 8505.49 | T46: 10404.9 | U46: 10830.93 | V46: 20103.46 | W46: 11263.06 | X46: 15979.57 | Y46: 18803.31 | Z46: 14156.34

Sheet Sales_byManager
B4: Sum of Sales | C4: Column Labels
B5: Row Labels | C5: KMART ONLINE | D5: KMART STORE | E5: Grand Total
B6: Rachael Long | C6: 16223.21 | D6: 293553.06 | E6: 309776.27
B7: John Gardner | C7: 23870.3 | D7: 272210.6 | E7: 296080.9
B8: Lillian Pruitt | C8: 70065.94 | D8: 201015.25 | E8: 271081.19
B9: Jeremy Garcia | C9: 81133.34 | D9: 172533.9 | E9: 253667.24
B10: Jerry Fulton | C10: 38138.72 | D10: 210632.55 | E10: 248771.27
B11: George Chester | C11: 19648.4 | D11: 205043.05 | E11: 224691.45
B12: Terri Wright | C12: 8133.15 | D12: 204205.12 | E12: 212338.27
B13: Brian Hubbard | C13: 101079.18 | D13: 98503.73 | E13: 199582.91
B14: Claire Bridges | C14: 72424.01 | D14: 86340.64 | E14: 158764.65
B15: Miles Hammond | C15: 65967.66 | D15: 83827.01 | E15: 149794.67
B16: Grand Total | C16: 496683.91 | D16: 1827864.9 | E16: 2324548.8 | G16: Top Manager Check | H16: =INDEX(B6:B100,MATCH(_xlfn.MAXIFS(D6:D100,B6:B100,"<>Grand Total"),D6:D100,0)) -> Rachael Long

Sheet Sales_byBuyer
B4: Sum of Sales | C4: Column Labels
B5: Row Labels | C5: KMART ONLINE | D5: KMART STORE | E5: Grand Total
B6: Chris Monroe | C6: 12738.55 | D6: 48848.58 | E6: 61587.13
B7: Ella Hickman | C7: 15631.69 | D7: 51254.19 | E7: 66885.88
B8: Sara Ferrell | C8: 23548.91 | D8: 63908.99 | E8: 87457.9
B9: Maggie Mayer | C9: 39203.43 | D9: 125502.73 | E9: 164706.16
B10: Amy Buchanan | C10: 45816.3 | D10: 174100.78 | E10: 219917.08
B11: Chester George | C11: 81915.97 | D11: 278257.8 | E11: 360173.77
B12: Richard Carr | C12: 69084.55 | D12: 312539.23 | E12: 381623.78
B13: Howard Wright | C13: 121697.56 | D13: 427704.99 | E13: 549402.55
B14: Elizabeth Gentry | C14: 104554.16 | D14: 503470.23 | E14: 608024.39
B15: Bruce Curran | C15: 143924.37 | D15: 542555.47 | E15: 686479.84
B16: Grand Total | C16: 658115.49 | D16: 2528143 | E16: 3186258.5 | G16: Top Buyer Check | H16: =INDEX(B6:B1100,MATCH(_xlfn.MAXIFS(D6:D100,B6:B100,"<>Grand Total"),D6:D100,0)) -> Bruce Curran
